reply,reply_clean_okt,positive,topic
근데 외국에서는 당일 예약하시는거 아무렇지않았는데 국내 여행은 항상 예약하고 움직이다보니 이상하면서 어색한데 그럴수도 있네 생각들면서 저도   아무렇게나 가보고싶어지네요\n친구들과 함께하시니까 너무 즐거워보이셔서 좋으네요^^,외국 당일 예약 무렇다  여행 항상 예약 움직 상 어색 그렇다  생각  무렇다 친구 즐겁다 좋다,1.0,1.0
와우! 원래 어제 오늘 부산 갈라고 예약했다가 일이 있어서 취소했는데 대신 다녀오셨네요. 대만족,와우 원래 어 오늘 부산 갈라고 예약  취소 신 만족,1.0,1.0
제이님\n저랑 아산병원 같은과 동창이네요^^\n또한 그 호떡 \n좋은결과 듣고\n하나씩 사먹으면\n세상 넘 넘 행복~^^\n좋은 결과에~\n해외여행예약에~\n저도 기대되고 설렙니다,  산병원 같다 동창  또한 그 호떡 좋다 결과 하나 세상 행복 좋다 결과 해외여행 예약  고 설레다,1.0,1.0
시댁친정이 보령인데 딸아이 방학하고 두번\n다녀와 놓고선 21일에 또 대천에 예약했는데 취소하고 동해에 가고싶은마음 커져서 댓글보다 알려주신 숙소 예약했네요^^일정은 거기있는숙소에서 다녀도 괜찮은 동선인거죠?2박으로 가려하는데 동선이랑 일정을 잘못짜서요ㅜㅜ,시댁 친정 보령 딸 방학 두  또 천 예약 취소 동해 마음 댓글 숙소 예약 일정 거기  숙소 괜찮다 동선 박 동선 일정 잘 못,1.0,1.0
주말에 srt 공주 예약 ㅎㅎㅎ 애하고 다닐건데 srt위주로 여행두 많이있으면 좋겠어요.,주말 공주 예약 애하 위주 여행 많다 좋다,1.0,1.0
"1~2월, 봄, 가을마다 몇코스씩 걸으며 완주하고, 두번째로 돌고있는 올레꾼이예요^^ 올봄에는 코로나로 예약과 취소를 반복하다, 이번주말 내려갔다 막 올라왔는데 여름올레는 봄,가을에 비해 2~3배는 힘들더라고요! 습하고 덥고ㅠㅠ 2박3일간 3코스를 걸었는데, 봄에 꺄악 너무예뻐! 너무좋아! 하던 곳들도, 힘듦에 눈에 덜들어와서 슬펐어요ㅠㅠ 앞으로는 봄,가을,겨울(바람만 조심하면 1~2월도 너무좋은^^) 에는 풀코스로 걷고, 여름에는 반만걷고 물놀이해야겠다 다짐했어요! (요며칠간 계속 하루의마무리는 물놀이ㅎㅎ) 이날씨에 백패킹까지하며 걷다니 대단하십니다!! 응원하는 의미로 구독 누르고갈께요^^",봄 가을 코스 완주 두째 올레 예 봄 코로나 예약 취소 반복  주말 막 여름 올레 봄 가을 힘들다 습 덥다 박 코스 봄 꺄악 예쁘다 좋다  힘들다 눈 덜 슬프다 앞 봄 가을 겨 바람 좋다 풀 코스 여름 반 물놀 다짐 며칠 계속 하루 마무리 물놀  날씨 패킹 단 응원 의미 구독,1.0,1.0
오~~~메이양! \n오랜만이네요.  메이양 영상방에 가끔식 들어와 봅니다.\n영상이 몇일 지나도 안올라 올때는 안부가 궁금 하기도 한답니다....\n\n한라산 하면 역시 겨울 한라산이죠.\n나는 2월 15일 한라산 예약 했습니다.\n몇십년 전부터 한라산 사계를 카메라에 담고있죠.\n그런데 아직 쓸만한 사진을 얻지못해서 계속 가고 있습니다.\n아니면 일년을 시작하는 일종의 의식 이라고 해야 하나...\n2월 15일까지 제주에 계시면 동문시장 에서 저녁 같이 하면 좋겠습니다....,오  만  영상 방 가끔 영상 일 안  안부 궁금 한라산 역시 겨 한라산 나 한라산 예약 십년  한라산 사계 카라 그런 한 사진 계속  니다 년 시작 일종 의식 하나 주 계시 동문 시장 녁 좋다,1.0,1.0
"잘보고있어요\n나이는 53살이구요 애들키운다고 집사람과둘이 어디여행못갔어요 큰애 이번에 대학가고 22년만에 처음집사람과 제주여행 1박2일갑니다  5월14,15일\n집사람이 꽃을좋아해서 꼬구경 두군데 카페두군데 맛집두군데 갈려구요 근데 아는게없어서요 추천 또는 스케줄짜주시면감사할것같아요 숙소도모르고 비행기만예약했네요 ㅎ ㅎ",잘 나 애 집사람 둘 어디 여행 못 애  학가 처음 집사람 주 여행 박 집사람 꽃 좋 꼬 구경 두 군 카페 두 군 맛집 두 군 없다  스케줄 같다 숙소 비행기 예약,1.0,1.0
와!!!!!! 저 몇일 전에 울릉도 배편이랑 숙소 예약했어요~~ 혼자가는거라 걱정했는데 쏘이님 가시는거 보고 걱정이 설렘으로 바뀌었네요~~~!!!!!! 울릉도편 너무너무 기대된다~~~, 일  릉도 배 편 숙소 예약 혼자 걱정  보고 걱정 설레다 릉도 편 기,1.0,1.0
농어촌 민박예약은 어디서 하셨는지요?,농어촌 민박 예약,1.0,1.0
프리미엄 버스는 예약 하는거에요?,프리미엄 버스 예약,1.0,1.0
안그래도 부산갈려고 했는데 딱 올라오네요!!!ㅠㅠ 쏘이님이 가신곳 다가고싶어요ㅠㅠ! 명란파스타... 대박...!!! 너무맛있어보여서 꼭 예약해서 다녀와야겠습니다\n 몸조심하시고 또 다른재밌는여행 기대할께요!,안 그렇다 부산  가신  다가 명란 파스타 박 맛 보 꼭 예약 몸조심 또 다른 재밌다 여행 기,1.0,1.0
여자 세분이서 재밌게 노시는 모습 보며 힐링하고 갑니다.  모나파크 용평리조트도 엄청 좋은거 같아서 예약전 유튜브 영상 감상하고 갑니다. 늘 응원합니다,여자 세분 서 재밌다 노시 모습 힐링 모나 파크 용평리조트 좋다 거 같다 예약  튜브 영상 감상 늘 응원,1.0,1.0
호텔 예약은 어떻게 하나요???\n저도 혼자 여행다니는데 호텔예약은 생각보다 번거러워서요...,호텔 예약 어떻다 하나  혼자 여행 호텔 예약 생각 거러워서,1.0,1.0
저도 덕수궁 석조전 예약해서 두 번이나 갔다 왔어요ㅎㅎ역사 좋아하시는 분들은 심화해설 듣는거 강추드려요, 덕수궁 석조 예약 두  역사 좋 분 심화 해설 강추,1.0,1.0
해운대 암소 갈비집 시그니처인 생갈비는 예약 안하면 못 먹어요 ㅎㅎ,해운 암소 갈비 집 처 생갈 예약 안 못,1.0,1.0
저도 9월 추석 다음날로 4명 예약 했답니다.~\n기대 됩니다.~, 추석 다음 날로 명 예약 기,1.0,1.0
와~\n감사합니다\n아직\n휴가 전 인데\n여기가\n어디인지\n어떻게 예약 해야되는지\n알려주세요,휴가  여기 어디 어떻다 예약,1.0,1.0
"좋아보여 가격 알아보니 무조건 4인이상만 예약 가능하고 4인기준 50만원이네요~ 1명 추가때마다 10만원 붙구요. 식사 4끼, 해상투어, 숙박요금 포함이랍니다.",좋다 보 가격 무조건  상만 예약 가능 기 준 명 추가  식사 끼 해상 투어 숙박 금 포함  랍니,1.0,1.0
"물론 현재 예약하면 성수기라 2인기준 85000원이지만 평일.주말 상관없고, 인당 만원내면 더 최대 4인이기에 4인가족 105000원+체험프로그램+밥1끼까지 2박3일 25만원 정도 결제했네요.\n극성수기 주말(금토일)에 이정도 가격이면 완전 싼거라고 생각합니다. 허접한 민박집도 성수기에 10만원짜리 구하기도 힘든걸요. 펜션은 최소 15부터구요.. 이마저도 비싸다고 하시는 분들은 성수기 피해서 다니시거나 눈을 더 낮추시는 게 좋을 듯 합니다.\n덕분에 너무 좋은 곳 골라서 예약했기에 감사한 마음인데 안 좋고 비꼬는 댓글이 있어서 제가 다 속상하네여ㅠ\n 채널장님 좋은 정보 감사드리고, 앞으로도 잘 부탁드려요",현재 예약 수기 기 준 평일 주말 상관없다 만원 내면 더 최  가족 체험 프로그램 밥 끼 박 정도 결 극성 수기 주말 금토일 정 가격 면 완 생각 접 민박 집도 수기 구 힘드다 걸 펜션 최소 부터 구  비싸다 분 수기 피해 눈 더 게 좋다 듯 덕분 좋다  골 예약 마음 안 좋다 댓글   속상 채널 장님 좋다 정보 감사 앞 부탁드리다,1.0,1.0
예약은 이미 풀... ㅠㅠㅠㅠ,예약 풀,1.0,1.0
좋은정보감사해요~숙박시설예약이 하늘에별따기이네요ᆢㅋ숙박예약없이 치유프로그램만 이용할수는없나요??,좋다 정보 숙박시설 예약 하늘 별 숙박 예약 치 프로그램 용 없다,1.0,1.0
"작년 가을에 갔었는데  숙소며,산책길이며 모든게 만족스러웠는데 밥은 무료급식소 밥보다 못했어요.\n식사에 진심이신분들은 그냥 퇴소하고 근처 맛집 검색후 찾아가서 드시는게 낫겠더라고요.그리고 치유장비체험은 미리 예약하고가요돼요.안그럼 체험못하더라고요",작년 가을 숙소 산책길 모든 만족스럽다 밥 무료 급식 소 밥 못 식사 진심 신 그냥 퇴 소하 근처 맛집 검색 후 그리고 치 장비 체험 미리 예약 안 그렇다 체험 못,1.0,1.0
두들님  10월12일에 가려고 예약했는데요  식사는 어떤가요  식사를 미리 예약 안해도 가능한가요?,두들님 예약 식사 가 식사 미리 예약 안해 가능,1.0,1.0
좋은정보 감사합니다.\n딱 원하던 곳이었는데 예약이 힘든가요?,좋다 정보 원  예약 힘드다,1.0,1.0
지금 예약했는데.. 2인실은 마감이구요..5인용이상만 있습니다..게다가 프로그램은 필수로 되어 있어서.. ㅎㅎ\n맨발체험 필수로 해야하네요,지금 예약 마감 구 용 상만  게다가 프로그램 필수  맨발 체험 필수,1.0,1.0
군립 즉 공공서비스 차원에서 저렴하게 국민들의 건강한 여가활동을 배려(세금으로 만들었기에 가능하겠죠)해 해당 지역 주민들의 일자리 창출 및 인근 관광코스와 연계하며 공익적 차원에 운영하는 것 같습니다. 그런데 여기 예약하려면 로또 맞는 일보다 더 어려운 찬스 아닌가요? ㅎㅎㅎ  암튼 예약이 되면 꼭 한번 찾아보고 싶습니다. 강릉에 친가 외가 모두 있어 지나는 길이거든요. 횡성군 화이팅~!! 지역 주민들 만만세~~~!!  아~! 횡선군 만세~~~!!,군립 즉 서비스 차원 렴 국민 건강 여가 활동 배려 세금 가능 해 해당 지역 주민 일자리 창 및 근 관광 코스 계 공익 차원 운영 것 같다 그런 여기 예약 로또 일보 더 어렵다 찬스 니다 예약 꼭 한 강릉 친가 외가 모두  길 횡성군 화팅 지역 주민 만세  횡선 만세,1.0,1.0
좋은정보 감사합니다! 그런데 예약은 어떻게해야하나요! 전부 다 예약불가라고되어있네요! ㅎ,좋다 정보 그런 예약 어떻다 부 불가,1.0,1.0
예약을 어디서 하면 되는지요?,예약,1.0,1.0
어디서 예약할수있나요 가족 휴가가고싶네요,예약 가족 휴가,1.0,1.0
어디로 예약할수 있는지요,어디 예약 ,1.0,1.0
예약을어떻게하죠?,예약 게,1.0,1.0
예약하기가 여기도 하늘의별따기네요 ㅠ,예약 여기 하늘 별,1.0,1.0
영상보고 가족여행 여기로 결정했습니다 평일에 가게 돼서 대행이 예약을 할수 있었네요 정보 너무감사해요^^,영상 보고 가족 여행 여기 결정 평일 가게 행 예약  정보,1.0,1.0
저도 일월로 예약 성공, 일월 예약 성공,1.0,1.0
여기 온라인 예약만 가능해요 전화예약 불가!!\n국립공원공단 예약시스템으로 검색하면 됩니다.,여기 온라 예약 가능 화 예약 불가 국립공원 공단 시스템 검색,1.0,1.0
저렴하고 좋지만 평일 아닌이상 예약은 거의 불가능..,렴 좋다 평일 니다 상 예약 거의 불가능,1.0,1.0
여기도 예약자 조사한번 해봐야될듯~,여기 예약 조사 한,1.0,1.0
주말에  갈려면  어떡게 해야하나요  미리  예약하나요  좋아요  구독좋아요  했어요,주말 어떡 미리 예약 하나 좋다 구독 좋다,1.0,1.0
공단꺼 주말예약되면 로또사라!!로또가 더 잘걸린다,공단 주말 예약 로또 사라 로또 더 잘,1.0,1.0
예약가능?? 잡아봐라 잡을수있나 ㅋ,예약 가능,1.0,1.0
참 좋은곳 감사드립니다^^  예약은 미리해나 하나요?  주말엔 엄청 많이 오나요?,좋다  감사 예약 미리 하나 주말,1.0,1.0
예약은 어디로 하나요,예약 어디 하나,1.0,1.0
여기예약은 어떻게하나요ㅠㅠ 꽉차있는데,여기 예약 어떻다 하나,1.0,1.0
참 멋진 곳인데 혹시 예약 할려면 몇달전에 해야 하나요 알려 주시면 고맙겠습니다 ~^(^,멋지다  혹시 예약 몇 하나 주시 고맙다,1.0,1.0
어머님 과 아들 데리고 한번 가고싶내여..예약해야 하나여>?,어머님 과 들 리 한 예약 하나,1.0,1.0
가성비 끝판왕이네요\n근데  예약이 잘 될까요?,가성 비 끝판  예약 ,1.0,1.0
예약이 가능할까?,예약 가능,1.0,1.0
구독과 좋아요와 예약까지 했어요♡,구독 좋다 예약,1.0,1.0
구독합니다\n담주에 예약했습니다^^,구독 예약,1.0,1.0
너무 좋아보여서 바로 예약하고 오늘 이용하고 있는중 입니다. 경기도권에 살아서 한시간 만에 도착했는데 상상했던거 보다 너무 좋아서 친구들에게 바로 추천했습니다 여기 사장님도 진짜 친한  이모님처럼 잘해주셔서 너무 행복한 하루 보냈습니다 파파트래블 영상에 나온 것 보다 훨씬 좋은 느낌 받았습니다 파파트래블 구독하고 가보신곳 다 다녀보겠습니다.,좋다 보 바로 예약 오늘 용  중  경기도 한 시간 도착 상상 좋다 친구 바로  여기 사장 진짜 친 모 잘 행복 하루 파파 트래블 영상 것 좋다 느낌 파파 트래블 구독 ,1.0,1.0
여기 다녀왔는데 너무 좋았어요. 딱 두들빠님이 영상에서 소개해준 그대로네요ㅎㅎ 여름에 계곡으로 놀러 한 번 더 가려고요. 예약이 가능할지 모르겠지만요ㅎ 좋은곳 소개해주셔서 고맙습니다~,여기 좋다 두 빠 영상  그로 여름 계곡  더 예약 가능  좋다   고맙다,1.0,1.0
"여기 별로에요  그돈으로  주변 시설좋은 찜바에서 찜질하고  삼겹살 식당에서 먹는게 헐~나을거예요  \n제가 오랜만에 언니와  여행가려구 찾다가 요기보구 예약해서 갔다왔어요 다녀온지3일정도됐는데요  저희는 조용한게좋아서 평일예약했는데  2명은5만원 추가라고 해서  다녀왔습니다  둘이 합이19만원인거죠  도착한날  너무일찍왔다며 준  아지매한테  한쿠사리먹고  주변식당에서 밥먹고  입실했는데요  침구류는  얼룩이있고 방에는거울도없고 화장실 엔  수건도 아무것도없어서  다가져와야하나 하고 찜방으로갔어요  불을 이제넣었는지 아직은  춥더라고요  조금있으니 준 아지매가 조금있으면 뜨거워질거라고 해서 언니랑둘이 딩굴고있는데  다른팀4명이 들어오는데  준 아지매 같이따라오면서  큰타올 을갔다줘서 우린 왜 안주냐물어보니 달라고 해야준다네요 정말어이없어 기분잡쳣어요  그리고 저녁도5시부터 주는데  고기가 재어놓은지좀된것같아요 맛이별로 글구무한리필이라고 는하는데  김치토에 몇줄구워다놓고  오리주물럭도 있다고 하심  암튼 일일이 다말하려니  너무많아  좀줄일께요  담날아침 식사시간도 알려주지안고,,, 뭐든 다물어봐야 알려줌  안먹으려다  너무돈이아까워서 먹기로하고 8시에 식당으로가니  탁자에 부르스타와 계란이있고  직접후라이해서먹으라고함 그런건 좋은데  반찬이  헐 너무 황당  뷔페 접시같은데다가 이것저것 조금씩담아 서 들고왔는데  정말  그냥 식구들먹는데서 덜어온듯한비주얼임  대충먹고 나옴  다시는오지말자고 언니와 다짐하며 뭐 이런데가 있나싶었음   준 아지매는   식사할때 옆에서서 지켜보구있어  밥먹을때도  좀  불편함\n 암 튼 여긴 완죤 비추임다",여기 별로 그 돈 주변 시설 좋다 찜바 찜질 삼겹살 식당  만 언니 여행 기 보구 예약 희 조용 좋다 평일 예약 명 추가 둘 합 도착 한 날 일찍 준 지 매 한 쿠사리 주변 식당 밥 입실 침구 류 얼룩  방 거 없다 화장실 수건 것 없다 찜방 불  은 조금  준 지 매가 조금  뜨겁다 거 언니 둘 딩굴  팀 명 준 지 매 우린 왜 안주 달라 정말 어없다 분잡 쳣 그리고 녁 고기 좀 같다 맛 별 글 무한리필 김치 토 줄 오리 주물 럭  하 심 일일 다말 많다 좀 담날 침 식사 시간 뭐 줌 안 돈 깝다 먹기 로 식당 니 탁자 스타 계란  직접 후 해 고함 그렇다 좋다 반찬 황당 뷔페 접시 같다  것  것 정말 그냥 식구 한비 주얼 임 충 자고 언니 다짐 뭐   준 지 식사  옆 서서 밥  좀 불편 암 완죤,1.0,1.0
와우~최곤데요 단체 모임으로가도 좋겠네요~예약 이미 꽉찻을듯ㅋ,와우 최곤 단체 모임 가도 좋다 예약 꽉찻을듯,1.0,1.0
양평에 저런곳이 있었군요\n어떻게 예약해야하나요~ 가족끼리 가고 싶네요,양평   어떻다 예약 가족 끼리,1.0,1.0
영상보고 2월에 예약 했는데 예약이 체계적이지 못한것같아요 ㅠㅠ 펜션측에서 날짜 혼동하신것 같은데 왜 안오냐고 나무라는듯이 전화하시고선 미안하다고도 안하고 끊으시네요. .  50일전에 예약해두고 저번주에 문자로 예약확인을 한 번 해놨는데도요. . 블로그 후기들에 예약 관련 불만을 몇 번 봤었는데.. 뭔가 가기전부터 불안하네요. . 저도 파파트래블님처럼 잘 놀고 올 수 있으면 좋겠어요 ㅠㅠ,영상 보고 예약 예약 체계 못 같다 펜션 날짜 혼동 같다 왜 화 미안 안 예약  주 문자 확   블로그 후기 예약 관련 불만 몇  뭔가 불안  파파 트래블 수  좋다,1.0,1.0
여기 별장회집 저도 다녀왔는데 맛 좋아요  예약이 힘들어서 2달 전에 해야한다는 단점은 있어요 가족모임할때 좋았읍니다,여기 별장 회집  맛 좋다 예약 힘들다 달  단점  가족 모임  좋다 읍니,1.0,1.0
너무 좋아서  직접 문의 해 봤는데요  10인 이상이고  주말 예약은 특히  두달전에  예약해야 하고  평일엔 좀  편하게 가능하다네요  네명이서 당장 가려고 했다가  포기했어요 ㅠ,좋다 직접 문의 해  상 주말 예약 두 달 예약 평일 좀 편 가능 네 명 당장 포기,1.0,1.0
여기 예약할려면 어떻게해야하나요,여기 예약 어떻다,1.0,1.0
정리가  깔끔하네요ㅎㅎ 클스마스에 예약해뒀는데 잘 봤어요,정리 깔끔 클스마스 예약,1.0,1.0
요번주말 대구가는데 딱이네요 가봐야겠네요 예약이 될런지  ᆢ, 주말 딱 예약 될런,1.0,1.0
예약해야하나요 ?,예약,1.0,1.0
딱 예상한 가격이네요. 가보고 싶은데 예약하기가 쉽지 않을듯 싶네요.,예상 가격  예약,1.0,1.0
와.. 저정도면 상당히 합리적인 가격이네요..예약하기 힘들듯..., 정도 상당 합리 가격  예약 힘들다,1.0,1.0
올해 예약은 끝이네요,올해 예약 끝 ,1.0,1.0
여러분의 성원에 힘입어 9월 충고마비 투어는 모두 예약 마감되었습니다! 저희 10월 투어도 조만간 진행할 예정이니 많은 관심 부탁드립니다^^! 감사합니다!,여러분 성원 힘 충고 마비 투어 모두 예약 마감 희 투어 조만간 진행 예정 많다 관심 부탁드리다,1.0,1.0
대단합니다 예약해서 꼬옥 가보고 싶은곳이네요,단 예약  ,1.0,1.0
진짜 역대급이네요! 국내 패키지 여행 찾고 있었는데 빈자리 빨리 예약해야겠어요,진짜 역   패키지 여행  빈자리 예약,1.0,1.0
1번. 예약자 4인 가족 여행으로 충주로 결정! 좋은정보 감사해요~, 예약  가족 여행 충주 결정 좋다 정보,1.0,1.0
예약은 어디서 하나요?,예약 하나,1.0,1.0
언제부터예약이가능한가요,언 예약 가능,1.0,1.0
미리 예약 하면 클라우드 맥주도 시음 할수 있어요,미리 예약 클라우드 맥주 음 ,1.0,1.0
6만5천원에 유튜브 나온거 다가능하다는거지요? 4명 예약이요,튜브 가능 명 예약,1.0,1.0
투어 이름이 뭔가요?? 종류가 무지많고… 홈페이지는 너무 어수선하고 뭐가 뭔지도 모르겠고… 예약은 다 찬거 같은데.. 혹시 예약 오픈일은 언제인가요??,투어 름 뭔가 종류 무지 많다 홈페지 어수선 뭐 지도 예약 같다 혹시 예약 오픈 일 언,1.0,1.0
"좋은정보감사드립니다..어제예약을하다가\n헷갈리는점이있어서\n아쉬웠습니다..\n\n미취학아동에대한정보가없어서..입금을어떻게해야되는지몰라서...입금순이라혼돈이있었습니다..\n일단,통화했는데잘모르시더라고요..\n디테일하게해주시면더욱좋은정보가될것같습니다\n\n일단인당으로\n입금했는데..어떻게될지요",좋다 정보 감사 어 예약 헷갈리다 점  쉽다 미취 학 동 정보 없다 입금 어떻다 입금 순 혼돈  일단 통화 잘 디테 해주시 더욱 좋다 정보 같다 일단 당 입금 어떻다,1.0,1.0
"저이거보자마자예약했어요. \n주말은 다마감이라 평일로..\n무튼 좋은정보감사합니다 ♡최고에요\n\n근데, 체험이나 산책시 애견동반가능한가요?", 거 예약 주말 다마 감 평일 무 좋다 정보 최고 체험 산책 시 애견 동반 가능,1.0,1.0
와~ 가보고싶다 예약해야 되나요?,예약,1.0,1.0
예약하고 싶은데 전화번호가 필요합니다,예약 화호 필,1.0,1.0
ㄴㅓ무좋읍니다 그곳에갈려면 예약을먼저해야돼나요 전화로하면돼겠지요 그리고 딱하루만해야돼나요,무 좋다 읍니 그  예약 먼 화로 그리고 하루 만해,1.0,1.0
민박집 전화 번호 좀 알려주세요 예약을 해야 될것같네요,민박 집 화 호 좀 예약 같다,1.0,1.0
여기 예약할려면 뭐라고 검색하죠?,여기 예약 검색,1.0,1.0
혹시나 하고 예약하러 갔더니~우와~~벌써 꽉차있네요~~스케쥴보고미리미리 예약  필수~~ㅋ,혹시 예약 우와 벌써 스케쥴 보고 미리 미리 예약 필수,1.0,1.0
여기서 보고 지난주에 남자친구랑 바로 예약해서 갓다왔어요 ㅋㅋㅋㅋ진짜 방은 민박수준인데 고기랑 음식질은 상당히 괜찮았습니다 ㅎㅎㅎ 전날 술을 너무 먹어섴ㅋㅋㅋ조식은 못먹엇어요.... ㅎㅎㅎㅎ,여기 보고 지난주 남자친구 바로 예약 갓 진짜 방 민박 수준 고기랑 음식 질 상당 괜찮다 날 술 먹어섴 조식 못먹엇어,1.0,1.0
마린보이 펜션 \n저는 예약 했습니다,마린 보 펜션  예약,1.0,1.0
보자마자 예약했음 ㅋㅋㅋㅋㅋ,예약,1.0,1.0
영상보고 너무 좋아보여 3월에 예약했습니다\n드뎌 낼 출발이네요~ㅎㅎ\n덕분에 좋은사람들이랑 좋은곳에서 좋은추억 많이 만들고 오게습니당~,영상 보고 좋다 보 예약 드뎌 낼 출발  덕분 좋다 사람 좋다  좋다 추억 습,1.0,1.0
인원수 몇명이상이라야 예약 가능 한가요?  3명두 되는지,원 수 명 상 예약 가능 한 가 명,1.0,1.0
예약은필수겠지요\n몇일전에  해야할까요??,예약 일 ,1.0,1.0
혹시 2인도 예약 가능할까요 오늘경주가거든요~?,혹시 도 예약 가능  오늘 경주,1.0,1.0
가보고싶어서 예약했더니 2인은 민박이 안된다네요ᆢ\n전화 받으시는분ㅇ 좀ᆢ 친절 하게 말씀해 주셨으면 좋겠습니다~,예약  민박 안되다 화 분 좀 친절 말씀 좋다,1.0,1.0
일본에살며 한국갑니다 인천공항에서 그곳 간다면 길좀 알려주세요  버스나 열차 이용할건데요  예약은  한달전쯤에 하나요?  늘 잘보고 있어요 감사 합니다,일본 한국 천공항 그  간다 길좀 버스 열차 용  예약 한 달 쯤 하나 늘 잘  감사,1.0,1.0
여기가 어디예요\n예약할래요,여기 어디 예약,1.0,1.0
"산속에 위치한 현대식 황토방이라 조용하게 힐링 할 수 있고, 양질의 식사도 제공하고 물놀이 할 수 있는 수영장까지 뭐 하나 부족하지 않네요. 좋은 정보 감사합니다. 여기도 예약이 쉽지 않겠어요.",산속 위치 현 황 토방 조용 힐링 수  양질 식사 공 물놀 수  수영장 뭐 하나 부족 좋다 정보 여기 예약,1.0,1.0
ㅋㅋ~깜짝놀랐네 \n 얼핏보면 2만원에 모든게 해결되는듯~ㅋㅋ \n예약도 쉽지않을텐데 \n숙박요금도 숙박만 예를 든다면  1박에 12만원이였던가~??,깜짝 얼핏보 모든 해결 예약 숙박 금 숙박 예 박,1.0,1.0
추석연휴 10월2~3일 예약되나요,추석 연휴 예약,1.0,1.0
10월 넷째주 예약하려면  언제 해야 할까요? \n7월에도 예약 가능 하나요?,주 예약 언  예약 가능 하나,1.0,0.0
여기는 또 멏인 이상일까요?   예약 가능한 최소 인원도  알려주세요   주말 예약  가능한  날짜도요,또 멏 상일 예약 가능 최소 원 주말 예약 가능 날짜 ,1.0,1.0
"정말가보고싶네요.\n뷰도좋고, 예약이힘들듯하네요.ㅡㅜ",정말 뷰 좋다 예약 힘들다,1.0,1.0
가려면 예약해야하난요,예약 난,1.0,1.0
예약 하고 가야하나요?,예약,1.0,1.0
거제도 이수도 배로 5분거리 대가 민박 1박3식 미리 예약 하셔요,거도 수 배 가 민박 박 식 미리 예약,1.0,
거제도 이수도 배로 5분거리 대가 민박 1박3식 미리 예약 하셔요,거도 수 배 가 민박 박 식 미리 예약,1.0,
영상보고 예약하려고 들어가면 다음달까지 예약이 풀이에요ㅡㅜ,영상 보고 예약 다음 달 예약 풀,1.0,
동영상보고 이번주 일요일예약해습니다.2인기준은 8만원받아요.,동영상 보고  주 일일 예약 기 준,1.0,
[호텔 마들렌 예약 방법]\n전화로 예약하시면 됩니다\n\n010-7563-4880,호텔 마들렌 예약 방법 화 예약,1.0,
바로 예약…했습니다\n항상 유용한 정보 감사감사~~~,바로 예약 항상 용 정보 감사 감사,1.0,
4월에 가려고 예약했어요\n음식이 기대되네요\n아이들은 물놀이 할 생각에 신나구요^^\n좋은 정보 감사해요,예약 음식 기  물놀 생각 신나다 좋다 정보,1.0,
저도 3월에 가려고 오늘 예약했어요, 오늘 예약,1.0,
덕분에 예약함 감사해요 ㅋ,덕분 예약 함,1.0,
너무 좋은데 ~~ 너무 많이 알려지면 예약어렵고 비싸집니다. ㅋㅋ 쉿~~,좋다 예약 어렵다 비싸다 쉿,1.0,
여기 주말에는 예약잡기 하늘의 별따기임. 싸고 좋은건 없다. 만일 싸고 좋은게 았다면 내가 쉽게 이용을 못하는 것이거나 곧 사라질 것들이다,여기 주말 예약 잡기 하늘 별 임 좋다 건 없다 만일 좋다 은 았다 내 용 못 것  거나 곧 것,1.0,
정선 365행복펜션 \n오늘예약 했네요\n극성수기라 조금 올랐지만\n그래도 가성비 좋아요\n정보 감사합니다~^^,정선 행복 펜션 오늘 예약 수기 조금 가성 비 좋다 정보,1.0,
좋은건 아는데 예약이  전국 숲체험 예약하기힘들어  안한다,좋다 건 예약 국 숲 체험 예약 힘들다 안,1.0,
영상 보고 한달전에.  예약 성공 했습니다\n10월 마지막 주말에.  갑니다,영상 보고 한 달 예약 성공 마지막 주말,1.0,
예약했어요ㅎㅎ 일요일 갑니다~^^,예약 일일,1.0,
황토집 정말좋네요 올해예약이 끝났다고요?ㅎ\n함 꼭 가보고싶네요 예약하려면 연락처알려주세요,황토 집 정말 좋다 올해 예약 함 꼭 예약 연락처,1.0,
여기는 예약 어땋게하나용,예약 어땋 하나 용,1.0,
어떻게 예약이 가능한지요?,어떻다 예약 가능,1.0,
예약해야 가능한가요?,예약 가능,1.0,
좋은곳 소개 해 주셔서 감사합니다 \n예약 할려면 어떻게 하면 되나요,좋다   해 예약 어떻다,1.0,
전화로만 예약이 가능한가요?,화 로만 예약 가능,1.0,
10인 단체 예약도 받으시는지 궁금하네요?, 단체 예약 궁금,1.0,
이 곳 올 해  12월까지 예약이 다 찼다고 합니다~,  해 예약,1.0,
5명 8월11일 예약할수있나요?,명 예약,1.0,
주인 폰번호좀알수있을까요?예약할때는 어떻게하죠?,주 폰 호 좀 예약  게,1.0,
예약을 하려는데 정확한 전화번호좀 알려주세요,예약 정확 화호 좀,1.0,
휴양림 주말 치열하죠. 예약이. ㅋ\n영상 잘 봤습니다 ㅎㅎ,휴양림 주말 치열 예약 영상,1.0,
예약은어디서하는건지요,예약,1.0,
항상 응원합니다. 반려견 동반 가능이라 더욱 좋네요. 예약 완료했습니다.,항상 응원 반려견 동반 가능 더욱 좋다 예약 완료,1.0,
예약은 어떻케 하나요,예약 케 하나,1.0,
파파트레블 이런곳 많이 찾아 주세요^^\n예약 하기가 너무 어렵지만 좋은곳 너무 많네요\n좋은 정보 감사합니다 ^^,파파 트레블  예약 어렵다 좋다  많다 좋다 정보,1.0,
예약 하고싶어요,예약,1.0,
오~~\n올해는 여름 휴가 못갔는데\n추석쯤에 가도 시골 풍경과 한옥이 아주 잘 어우러지겠네요\n예약하기 어렵겠는데  어떤가요,오 올해 여름 휴가 못 추석 가도 시골 풍경 한 옥 주 예약 어렵다 가,1.0,
담달 바로 예약 잡앗네요..ㅎ 좋은후기랑 같기를 바랍니다 감사해요,담달 바로 예약 좋다 후기 같다,1.0,
영상보고\n방금 예약했네요 ㅎ\n2월 예약이 꽉 찼네요\n좋은정보 감사합니당,영상 보고 방금 예약 예약 꽉 좋다 정보,1.0,
"귀하의 영상을 보고 검색한 후 예약하려고 전화 했는데 아니랍니다 소소가 민박으로 검색하면 경주 부근으로 한 곳만 검색되어 전화했는데 유튜브 영상 소개글 문의 때문에 힘들어 하더군요! 구독, 좋아요 받으시려면 이거 아니지 않습니까?",귀하 영상 보고 검색 후 예약 화 니다 소가 민박 검색 경주 부근  검색 화 튜브 영상  글 문의 문 힘들다 구독 좋다  거 니다,1.0,
예약 어디서 하나요?,예약 하나,1.0,
예약  가능 연락처가 어떡게 되나요?,예약 가능 연락처 어떡,1.0,
와ㅠㅠ 보자마자 사이트 들어갔을 땐 바로 예약이 되더니... 다시 들어가니까 2월은 주말빼고 막아놨네요 ㅠㅠㅠㅠ,사트 땐 바로 예약 다시 주말,1.0,
저는  해피데이 단골인데 이제 밥까지 주신다니 대박이네요. 예약하면서 가격이 너무 싼거 아니냐고 여쭤봤더니 그래도 비싸다고 뭐라 하는 사람들 전화로 속상하다고 하셨어요..정말 깨끗하고 친절한데 스파에 계곡에 바다까지 쉬고 오기에는 딱 좋습니다., 해피  단골  밥 박  예약 가격 니다 비싸다 사람 화 속상 정말 깨끗 친절 스파 계곡 바다 쉬 오기 좋다,1.0,
이영상보고 6일날 다녀왔어요 주인장 내외분 친절 세심 청결 모두만족이었네요 너무만족스러워 \n연박하려했으나 예약만실로 다음을기약\n우리부부 좋~다 100번은 외친듯 덕분에 해피데이였네요 감사 6:14, 상보 주 내외 친절 세심 청결 만족 만족스럽다 연 박 예약 실로 다음 기약 우리 부부 좋다 은 덕분 해피  감사,1.0,
함정은 추가비용이 제곱 ..2인일때 가성비\n전화 예약은 계좌이체,함정 추가 비용 곱 일 가성 비 화 예약 계좌 체,1.0,
잘보고 바로예약했어요 감사의선물로 꾹꾹 누루고 감니다 종종 들릴게욤ㅎㅎ,잘 바로 예약 감사 선물 꾹꾹 누 루고 종종 욤,1.0,
예약 어디서 하나요?,예약 하나,1.0,
저기  주말 가격을  확실히 알려 주세요~~~  예약 하고 가고 싶습니다~~~,기 주말 가격 확실 예약,1.0,
민박예약할려면 가게에 직접\n전화하면 되나요??,민박 예약 가게 직접 화,1.0,
저는 8월초에 8박9일로 가려니 배 타는게 좋을거 같아서 예약했네요 물론 진도항까지 4시간정도 걸릴거같긴하지만 차 싣고 4식구 가격이 80 안되는거같아요 렌트비만 120에 비행기 대략80일듯하니... 배타면 120만원 절약이라 전 좀 고생해도 배여행 괜찮을거같아요~~ 좋은정보 감사드립니다, 박 배 좋다 같다 예약 진도항 같다 차 식구 가격 안되다 같다 렌트 비만 비행기 략 배타 절약  좀 고생 배 여행 괜찮다 같다 좋다 정보 감사,1.0,
4월에 예약하고 갈거에요~추천 감사합니다,예약 ,1.0,
이영상보고 바로 예약해서 이틀째 머물고잇어요 소개하신거보다 훨씬 뷰며 수영장 객실 다 더 좋네요 직원분들은 또 얼마나 친절하신지 정말 계속잇고싶네요 손주도 여기서 살자고 하네요 ㅎ 애기들은 정직하잖아요 호텔 상상 레알 진심 적극 강추입니다 그리고 파파트레블님 감사합니다 항상 응원합니다, 상보 바로 예약 틀  뷰 수영장 객실 더 좋다 직원 또 얼마나 친절 정말 계속 손 주도 여기 살 자고 애기 정직 호텔 상상 레알 진심 적극 강추  그리고 파파 트레블 항상 응원,1.0,
"사천 마들렌 호텔 영상보고 예약할려니 그새 175,000원에서 20만원으로 올랐네요 ㅜㅠ\n그래서 거제도 호텔상상이 더 좋아보여서 여기로 가봐야겠어요^^\n근데 음식은 어디가 더 나은가요?? 궁금해요^^",사천 마들렌 호텔 영상 보고 예약 그 새 거도 호텔 상상 더 좋다 보 여기 음식 어디가 더 궁금,1.0,
프로모션가로 예약하려면 어디서 해야하나요?,프로모션 가로 예약,1.0,
감사 합니다.레스토랑 예약은 당일 체크인 하면서 해도 되나요?,감사 레스토랑 예약 당일 체크 해도,1.0,
경남 산청(수선사)\n경남 함양(지안재)\n전남 영광(천일염전& 영광풍력발전소\n 전남 보성 (대원사)\n전남 장흥 (선학동유채마을)\n전남 화순(남산공원)\n충북 옥천(수생식물학습원)~홈페에서 사전예약 필수\n경기도 연천(재인폭포)\n전북 진안(부귀메타쉐콰이어길)\n강원도 양구(한반도섬)\n충북 단양(이끼터널)\n전남 강진(설록다원)\n전남 강진(강자만생태공원)\n영상이 편안하고 내가 가보지못한곳이면서 한번은 꼭가보고 싶은곳 잘찍어주셨네요\n구독과 좋아요 눌러주고가요,경남 산청 선사 경남 함양 지안 재 남 영광 염 영광 풍력 발소 남 보성 원사 남 장흥 선학동 채 마을 남 화순 남산 공원 충북 옥천 수생 식물 학습원 홈페 사예약 필수 경기도 연천 재 폭포 북 진안 부귀 타쉐콰어 길 강원도 양구 한반도 섬 충북 단양 끼 터널 남 강진 원 남 강진 강 자만 생태 공원 영상 편안 내 한  면 한 꼭  잘 구독 좋다,1.0,
와 진짜 꼭 한번 해보고 싶은 여행이네요.\n 근데 예약 방법이라든가  그런 내용도 있으면 더 좋았겠어요,진짜 꼭 한 여행  예약 방법 그렇다 내용  더 좋다,1.0,
어디서 예약 할 수 있는건가요?,예약 수  가,1.0,
이거  크루즈 여행 예약은 어뜨케해요?\n부모님 여행 보내주고 싶다, 거 크루즈 여행 예약 어뜨케해 부모님 여행,1.0,
"익산사는데도 아가페 수목원\n못 가봤네요~예약안해도 되는\n줄 알았는데, 덕분에 주말예약은\n필수라는 것도 알고 갑니다^^\n담주 주말에 가봐야 겠어요~\n좋은 정보와 영상 감사합니다",익산 가페 수목원 못 안해 줄 덕분 주말 예약 필수 것 알 주말 좋다 정보 영상,1.0,
"시부모님 모시고 장가계 여행하려고 찾아보던 중 올려 주신 영상 보고 온라인투어에서 예약하기로 마음먹고 예약했어요!!\n☆일상이여행×온라인투어 장가계 특전 <--이걸 뒤늦게 본지라 다시 전화해서 혹시 이벤트 아직 진행 중인지 여쭤보니 원래는 예약 시 미리 말해야만 적용되는 건데 감사하게도 담당자님 재량으로 적용해 주셔서 중국 전통주 선물 받겠네요 ^^\n9월에 가는 건데, 벌써 떨리고 난리 ㅎㅎ 날씨 요정이 따라줬으면 좋겠어요..! 잘 다녀오겠습니다!",시부모 모시 장가계 여행 중 주신 영상 보고 온라투어 예약 예약 일상 여행 온라투어 장가계 특  걸 뒤늦다 지라 다시 화 혹시 벤트 진행 중 원래 예약 시 미리 말 적용 담당자 재량 적용 중국 통주 선물 벌써 난리 날씨 정 좋다,1.0,
"올여름4박5일 가려고 온라인 투어에 예약중인데 아직 결재는 고민중,노팁,노쇼핑으로 가보려구요,,자세한 설명과 영상 감사합니다,,진짜 일상이 여행보고 예약했다고 하면 술한병주나요??날씨가 맞어야 할텐데 여름휴가때 가면 비 많이 안올지 걱정입니다",올여름 박 온라 투어 예약 결재 고민 노팁 노 쇼핑 자세 설명 영상 진짜 일상 여행 보고 예약 술 한 병주  날씨 여름 휴가  가면 비 안 걱정 ,1.0,
장가계  우리모임 8명부부 가려는데 비용은 얼마 정도 시기는 언제가 좋은가요. 한 4박5일 정도 생각 하는데요 미리 예약해야 하나요. 여름은 너무 더워서요.,장가계 우리 모임 명 부부 비용 얼마 정도 시기 언 좋다 박 정도 생각 미리 예약 하나 여름 덥다,1.0,
여기 통해서 예약 진행중 입니다. 덕분에 중국술 한 병 서비스 받네요.\n감사합니다 ~^^\n5월5일까지 중국 노동절 휴가인데 7일 출발은 현지인 관광객 때문에 여행하기 복잡하지 않을까요?,여기 통해 예약 진행중  덕분 중국 술 병 서비스 중국 노동절 휴가 출발 현지 관광객 문 여행 복잡,1.0,
이미 온라인투어에 장가계 2월출발 예약해두었는데 구독자이벤트 소급적용 될까요,온라투어 장가계 예약 독자 벤트 소급 적용 ,1.0,
예약할때 구독자라고 이야기하면되나요?,예약  독자 야기,1.0,
오늘 11월4일 정선에 왔어요\n병방치 스카이워크 에서\n이 코스 그대로 갔다왔는데\n이 영상처럼 너무 예뻐서\n얼마나 감탄을 하고왔는지~\n식구들도 넘 좋아합니다\n좋은곳 알려주셔서\n감사드립니다\n여기말고도정선 곳곳이 \n너무 아름답네요\n한국의 스위스라고해도\n과언은 아닐꺼 같습니다\n내년에도 정선예약입니다 ㅋ,오늘 정선 병방치 스카 워  코스 그로  영상 예쁘다 얼마나 감탄 식구 좋 좋다  감사 여기 정선  름답다 한국 스위스 해도 과언 니다 같다 내년 정선 예약 ,1.0,
다음주 11.1~3까지 가리왕산 휴양림 예약하고 갑니다. 모친이 암재발로 항암중 힘든 맘인데 조금의 위로가 되었으면 합니다. 많이 못걸으시니 드라이브 코스 꼭 따라서 예쁜 풍경 보여드리고 싶네요. 감사합니다.,다음주 가리왕산 휴양림 예약 모친 재발 항 중 힘드다 맘 조금 위로 못 드라브 코스 꼭 따라서 예쁘다 풍경,1.0,
예약을  안하면 탈 수가 없나요?\n고즈넉한 분위기  참 좋군요.\n늘 시청하고  구독하겠습니다.\n고맙습니다.,예약 안 탈 수가 없다 넉 분위기 좋다 늘 시청 구독 고맙다,1.0,
8월 장마철에 가면 분천역과 비동역 사이 다리가 물에 잠겨 트레킹이 불가능 할 때가 있습니다.\n다음날 열차를 예약을 하고 탔는데 핸드폰으로 서둘러 예약을 하는 바람에 다른날자로 예약이 되었더군요\n타고 나서 알았는데 다행히 승무원 분들이 열차내에서 잘 처리 해 주셨습니다.\n오지 트레킹으로는 최고라고 생각합니다.\n양원역에서 쉬면서 마을분들이 파는 묵과 전에다가 막걸리 한잔 좋습니다.,장마철 가면 분천역 비동역 사 다리 물 트레킹 불가능   다음 날 열차 예약 핸드폰 예약 바람 날자 예약 타고 다행 승무원 분 차내 처리 해 오지 트레킹 최고 생각 양원역 마을 묵  막걸리 한잔 좋다,1.0,
4월에 모임 여행 계획중 이었는데\n일상이 여행님 덕분에 넘 멋진 여수에\n흠뻑 빠져 그쪽으로 여행지를 정할것\n같네요~~\n여행 하셨던곳은 미리 예약을 해야 하나요~?\n그리고 우린 9명 모임이니만큼 팬션을\n이용해야 할것 같은데 아시는\n만큼 공유를 해 주셨음 하네요~ㅎ\n좋은 영상 감사합니다~~,모임 여행 계획 일상 여행 덕분 멋지다 여수 흠뻑 그 쪽 여행지 정 같다 여행  미리 예약 하나 그리고 우린 명 팬션 용 같다 시 만큼 공 해 좋다 영상,1.0,
여행시작하려면 어떤절차 어디서 예약하나요?,여행 시작 절차 예약 하나,1.0,
봄엔  몇월달이 좋을까요?\n지금 봄 예약도 되는지?,봄 월 달 좋다 지금 봄 예약,1.0,
백두대간열차 미리예약해야되나요?,백두간 열차 미리 예약,1.0,
강릉 선크루리조트 저기 새해일출보러 가야지!! 했다가 예약못했어요 ㅠㅠㅠ 영상보니까 아쉬운데 일출아니더라도 강릉여행가면 꼭 저기갈거에요♡♡,강릉 선 크루 리조트 기 새해 일출 가야 예약 못 상보 쉽다 일출 니다 강릉 여행가 꼭 기,1.0,
10월 계획에 넣어두었는데 캠핑랜드 예약이 ㅜㅜ\n계속 벼루고 있어욤ㅋㅋㅋ\n추천지 꼭 가보겠어욤^^,계획 캠핑 랜드 예약 계속 벼루 있어욤  꼭 욤,1.0,
일상이님 거 하루만  먼저볼걸  정말  다 좋았네  모노레일은  예약해야이  다  마감되어  아쉬웠고  저산삼축제는  입장료 아까웠네요,상 거 하루 먼 볼걸 정말 좋다 모노레일 예약 마감 쉽다  산삼 축 입장료 깝다,1.0,
환상적이네요.올해는 늦었고 내년을 예약합니다 ㅎ.영상 넘 멋찜요,환상 올해 내년 예약 영상 멋찜,1.0,
어제  너무나도 아름다운 영상을 보고 오늘 근처 펜션 예약(16일)하려고 전화했는데 비가와서 단풍 다 떨어지고 없다고해서 내년에 꼭 숙박하겠다고 했어요.남편은 가자고 하는데 울산서 가는데 단풍도 못보는데..멋진 곳 소개해주셔서 감사해요.내년엔 꼭 가봐야겠어요.혹시 비온 후 다녀오신 분 안 계실까요?아직 메타세콰이어가 아름다운지요?,어 름답다 영상 보고 오늘 근처 펜션 예약 화 비 단풍 없다 고해 내년 꼭 숙박 남편 산 단풍 못 멋지다   내년 꼭 혹시 비온 후 분 안 계시다  타세콰어 름답다,1.0,
덕분에 돌아오는 주\n금요일 예약 잘 했습니다.\n잘 다녀올게요\n감사합니다,덕분 주 금일 예약,1.0,
예약은 어디서 하나요    제가 주공5단지  사는데  바로앞 제타플렉스앞에서 승차하면 되는군요,예약 하나  공 단지 바로 앞 플렉스 앞 승차,1.0,
버스예약은 어디서 하는지요,버스 예약,1.0,
황매산 새벽에 예약 없이 갈수 있나요,황매산 새벽 예약 갈수 ,1.0,
"이 영상과 노고단 영상을 보고 아내와 둘이서 지난 7월 17일 새벽에 서울을 출발해서 우포늪에 가서 한 바퀴 전체를 걸으니 장장 12 Km 시간은 대략 3시간 30분 걸렸습니다\n늪 전체를 뒤덮은 푸른 빛 물풀들과 물속에 어루러진 울창한 나무들은 감탄을 자아내더군요 이렇게 넓고 큰 늪이 장관을 이뤘습니다\n다음 날 노고단을 오르기 위해 예약한 지리산 호텔로 이동해서 취침 후에 새벽 4시에 성삼재 주차장에 도착해서 노고단으로 오르기 시작하니 출발 시에 추위는 간곳이 없고 금방 온 몸이 땀으로 범벅입니다\n정상에선 질 좋은 바람박이와 긴 바지가 필수입니다\n노고단 초입에서 고개를 돌리니 그림처럼 펼쳐진 운해가 시야에 들러오니 순간 피로가 싹 사라지고 탄성을 멈출 수 없더군요 정상에 이르르며 360도 전체를 감싼 운해를 연발총을 쏘듯 셔터를 눌려대고 구름 사이로 올라오는 일출에 또 한 번 입을 다물 수 없어 죽기 전에  꼭 봐야 할 장관이란 말이 그대로 입니다 \n내려오기가 너무 아쉽지만 다음 여정인 거제 해금강을 보기 위해 내려와 주차장에서 끓여먹은 라면의 맛은 일품 요리가 무색 합니다\n60 중반이지만 소개하신 장소를 하나 씩 가 보려고 합니다 좋은 영상과 친절한 설명에 감사합니다\n\n추기- 철원의 비둘기낭 폭포도 비온 뒤엔 너무 아릅답습니다, 주변의 출렁다리도 좋은데 다리를 건너 산길을 조금 더 가면 또 하나의 출렁다리가 숨어 있습니다, 세 곳 다 넓은 무료 주차장 바로 옆이라 걷기 싫은 분들도 가기가 편합니다\n인근의 삼부연 폭포도 도로가에 붙어 있지만 절경입니다, 포천 아트벨리까지 모두 당일치기로 보시면 좋습니다", 영상 노고단 영상 보고 내 둘서 지난 새벽 서 출발 우포늪 바퀴 체 시간 략 늪 체 뒤 푸른 빛 물풀 물속 어루러진 창 나무 감탄 넓다 늪 장관 다음 날 노고단 위해 예약 지리산 호텔 동해 취침 후 새벽 삼재 주차장 도착 노고단 시작 출발 시 추위 간 없다 금방 온 몸 땀 범벅  정상 질 좋다 바람 바지 필수  노고단 초입 고개 그림 운 시야 순간 피로 싹 탄성 수 없다 정상 르르 도 체 운 연발 총 셔터 눌려 고 구름 사 일출 또  입 수 없다  꼭 장관 말 그로  쉽다 다음 여정 거 해금강 보기 위해 주차장 라면 맛 일품 리 무색 중반  장소 하나 좋다 영상 친절 설명 추기 철원 비둘기 낭 폭포 비온 뒤  릅 답습 주변 다리 좋다 다리 건너 산길 조금 더 가면 또 하나 다리  세  넓다 무료 주차장 바로 옆 걷기 싫다 분 가기 편 근 부연 폭포 도로  절경  포천 트 리까 모두 당일치기 보시 좋다,1.0,
킴스트레블님~ 여행 무지 좋아하는 1인으로 영상으로 힐링 전해주셔서 감사해요♡\n국내 여행 경기에도 한몫하고 계셔요~\n시청후 바로 장태산휴양림 예약했어요^^, 트레블 여행 무지 좋  영상 힐링   여행 경기 한몫 계시다 시청 후 바로 장태산 휴양림 예약,1.0,
담주에 단양가려고 숙박 예약 해 놓았는데 미리 좋은 정보 알게돼서 너무 행운이라고 생각하고 구경 정말정말 잘하고 갑니다ᆞ,양가 려고 숙박 예약 해 미리 좋다 정보 알 행운 생각 구경 정말 정말 잘,1.0,
저의 남펴니 이번 여름에 킴스님 영상보고   장태산가보는거 허락했답니다 대전에숙소예약 ㅎ  여행장소 소개 마니마니부탁드려요♡♡ 속초 아바이 순대가 너무 먹고싶네요^^\n아 그리고 얼마전 포항여행편도 저희들 다녀왔답니다   칠포해수욕장이랑  호미반도둘레길 ㅎ, 남  여름  영상 보고 장태산 허락  숙소 예약 여행 장소  부탁드리다 속초 바 순  그리고 얼마  포항 여행 편도 희 칠포해수욕장 호미 반도 둘레길,1.0,
여름휴가를 가족과 힐링여행으로 서출지 한옥체험 1박2일 예약했음\n다~유정식당도 가 볼 예정이에요.\n혹시 맛집 더 있음 추천 부탁드려요\n멋진영상과  정보 항상 감사드립니다^^,여름 휴가 가족 힐링 여행 서출지 한 옥 체험 박 예약 정식 볼 예정 혹시 맛집 더   부탁드리다 멋지다 영상 정보 항상 감사,1.0,
어머나 태안~ ㅎ\n풍경도 아름답게 찍어주셨고  설명도 맛깔스러워 누구나 찾아가고  싶겠네요..\n태안에  갈곳 많습니다.\n목련꽃 필무렵 천리포수목원도 좋고   만리포해수욕장도 좋아요.\n만리포엔  가수 이용복씨가 운영하는 작은 레스토랑  '진달래먹고 물장구치고'도  가볼만 해요..점심때  한시간씩 이용복씨가 피아노 치면서 노래도 하시는듯..\n전화로 확인삼아  예약하시고 가보세요 .,어머나 태안 풍경 름답다 설명 맛깔 스럽다 누구 태안  많다 목련 꽃 필 무렵 천리 포수 목원 좋다 만리 포 해수욕장 좋다 만리 포 가수 용복 운영 작다 레스토랑 진달래 물장구 도 해 점심 한 시간 용복 피노 치면 노래 화 확 예약,1.0,
봄에  좋겠네요~~~\n예약을 해야  입장한다는  조금 번거롬이  있군요  ~~~,봄 좋다 예약 입장 조금 거롬 ,1.0,
영상보고 예약하려니 주말예약마감이네요ㅠ,영상 보고 예약 주말 마감 ,1.0,
예약해야 갈수있나요?,예약,1.0,
7월 2박3일 가족여행지로 부산포항1박씩 예약했는데 기대되는 좋은곳  알려주셨네요 익숙한 목소리도 듣기 좋았어요,박 가족 여행지 부산 포항 박 예약 기 좋다  익숙 목소리 듣기 좋다,1.0,
"제가 부산여행을 자주 가는데 하도 갈 곳이 많아서 한 번 가면 몇 군데씩 나눠서 갑니다..그래서 거제나 남해,통영은 크게 고민할 게 없이 유명여행지들 둘러보면 그 자체로 힐링이 되니 여행계획 세우기 편해서 자주 가구요..삼척도 부산만큼 갈 곳이 너무 많아서 한 번 가면 빡세게 여행하곤 하는데 환선굴,대금굴,맹방해수욕장,수로부인 헌화공원,해신당공원,장호항,해양레일바이크,새천년해안도로도,삼척해수욕장 등등 다 돌아보곤 해요!! 속초,강릉도 너무 좋지만 강원도 고성,삼척,경북 울진,영덕에도 근사한 곳이 너무 많죠..특히 삼척 솔비치는 너무너무 근사한 숙소라 예약 성공하면 꼭 숙박을 하기도 하구요!! 우리나라처럼 여행지가 많은 나라가 또 있을까요??", 부산여행 자주  많다  가면 몇 군 거 남해 통영 크게 고민 게 명 여행지 그 자체 힐링 여행 계획 편 자주 가구 삼척 부산  많다  가면 빡세 여행 곤 환선굴 금 굴 맹방 해수욕장 수로부 헌화 공원 해신 공원 장호항 해양 레일바크 새천년 도로 삼척 해수욕장 등등 해 속초 강릉 좋다 강원도 고성 삼척 경북 진 영덕 근사  많다 삼척 솔비 근사 숙소 예약 성공 꼭 숙박 우리나라 여행지 많다 나라 또 ,1.0,
"☆★☆ 핵심 정보 ☆★☆\n 울릉도 배편?  [ 대저페리 ]\n     - 엘도라도 익스프레스호 : 울릉도로 가는 가장 빠르고 편한 초쾌속 여객선 (01:02)\n     - 썬라이즈호 : 울릉도에서 독도 여행시 가장 편한 초쾌속 여객선 (05:43)\n     - 홈페이지 : \n     - 인스타그램 : \n 울릉도 숙소?  [ 스테이너와 – 감성 넘치는 예쁜 숙소 ] ()\n     - 위치 : 경북 울릉군 북면 평리1길 124\n     - 연락처 : 010-9829-9831\n     - 인스타그램 : \n     - 예약 : 네이버에서 ’스테이너와’ 검색\n 울릉도에서 즐기는 액티비티?  [ 캄인블루 – 프리다이빙 ] ()\n     - 위치 : 경북 울릉군 북면 천부3길 337 캄인블루 프리다이빙센터\n     - 연락처 : 010-4953-0346\n     - 인스타그램 : \n\n\n☆★☆ 필수 여행지 ☆★☆\n 행남해안산책로 ()\n     - 입장료 : 무료\n     - 태풍 피해 복구로 인해 일부 구간 통행 제한 있음\n 독도전망대 / 케이블카 ()\n     - 운영시간 : 하절기 8시~19시 / 동절기 8시~18시\n     - 요금 : 어른 7500원 / 청소년 5500원 / 어린이,경로 3500원\n 관음도 ()\n     - 운영시간 : 하절기 8시~18시 / 동절기 9시~18시\n     - 요금 : 어른 4000원 / 청소년 3000원 / 어린이,경로 2000원\n      - 관음쌍굴 : 울릉도 해상 3대 비경\n 삼선암 ()\n      - 울릉도 해상 3대 비경 중 으뜸\n 대풍감 / 태하향목모노레일 ()\n      - 대한민국 10대 비경의 하나\n     - 모노레일 타고 ‘향목전망대’까지 6분 소요 \n     - 좁은 숲 길을 따라 대풍감 제1전망대(향목전망대에서 250m), 제2전망대(향목전망대에서 420m)까지 추가로 가볼 수 있음\n     - 운영시간 : 9시~18시\n     - 요금 : 어른 4000원 / 청소년 3000원 / 어린이,경로 2000원\n 태하해안산책로 ()\n      - 태하향목모노레일 타는곳 근처에서 출발\n      - 해풍에 의해 특이하게 침식된 지형이 발달하여 수려한 해안 절경을 자랑하는 곳\n\n\n☆★☆ 기타 추가하면 좋은 여행지 ☆★☆\n 송곳산 ()\n      - 수직 암벽의 봉우리가 송곳을 세워놓은 것 같다고 하여 명명된 452m의 바위산\n      - 산 아래 북쪽 해안에는 추산몽돌해수욕장과 추산항이 있고, 해안에서 북서쪽으로 1km 떨어진 바다에는 코끼리바위가 있다\n 카페울라 ()\n      - 송곳산을 배경으로, 송곳산에 산다는 고릴라 ‘울라’가 있는 울릉도 카페\n      - 인생샷 가능한 울릉도 사진 명소\n 코끼리바위 ()\n      - 울릉도 해상 3대 비경의 하나\n      - 코끼리가 코를 물에 담그고 물을 마시는 것처럼 보임\n      - 주상절리가 수직에 가깝게 발달되어 있음\n 천부해중전망대 ()\n      - 수중 6m 자연 아쿠아리움 / 신비로운 울릉도 바닷속을 눈으로 직접 보며 체험하는 곳\n      - 운영시간 : 9시~18시\n      - 요금 : 어른 4000원 / 청소년 3000원 / 어린이,경로 2000원\n 나리분지 ()\n      - 울릉도에서 유일하게 평지를 이룬 곳\n      - 울릉도의 독특한 가옥구조인 너와투막집과 억새투막집을 돌아볼 수 있음\n 통구미항 거북바위 ()\n      - 울릉군 서면 남양리의 통구미항에는 새끼거북을 업고 걸어가는 모양의 ‘거북바위’가 있다.\n      - 거북바위 맞은편에는 ‘코뿔소’처럼 보이는 거대한 바위가 있는데, 향나무 자생지로 천연기념물 제48호로 지정된 곳입니다.\n 수층교 ()\n      - 독특한 모습의 도로와 해안 풍광이 어우러지는 곳\n      - 급경사 언덕의 고저차를 극복하기 위해 독특한 모습으로 만들어졌다.\n 노인봉 ()\n      - 울릉군 북면 현포리에 우뚝 솟은 높이 199m의 암벽 봉우리\n      - 암벽에 가로로 굵은 결이 있는데, 노인의 주름살처럼 보인다 하여 ‘노인봉’이 되었다.",핵심 정보 릉도 배편 페리 엘도라도 익스 프레 스호 릉도 가장 빠르다 편 초 쾌속 여객선 라즈 호 릉도 독도 행시 가장 편 초 쾌속 여객선 홈페지 스타그램 릉도 숙소 스테 너 감성 넘치다 예쁘다 숙소 위치 경북 릉군 북면 평리 길 연락처 스타그램 예약 네버 스테 너 검색 릉도 액 티비 티 캄 블루 프리다빙 위치 경북 릉군 북면 천부 길 캄 블루 프리다빙 센터 연락처 스타그램 필수 여행지 행 남해안 산책로 입장료 무료 태풍 피해 복구  일부 구간 통행 한  독도 망 케블카 운영 시간 하절 기 절기 금 어른 청소년 어린 경로 관음도 운영 시간 하절 기 절기 금 어른 청소년 어린 경로 관음 쌍굴 릉도 해상 비경 삼선 암 릉도 해상 비경 중 으뜸 풍 감 태 하향 목 모노레일 한민국 비경 하나 모노레일 타고 향목 망 소 좁다 숲 길 풍 감  망 향목 망  망 향목 망 추가 수  운영 시간 금 어른 청소년 어린 경로 태 해안 산책로 태 하향 목 모노레일  근처 출발 해풍 의 특 침식 지형 발달 수려 해안 절경 자랑  기타 추가 좋다 여행지 송 산 수직 암벽 봉우리 송 것 같다 명명 의 바위 산 산 래 북쪽 해안 추산 몽돌 해수욕장 추산 항  해안 북서쪽 바다 코끼리 바위  카페  송 산 배경 송 산 산다 고릴라   릉도 카페 생 샷 가능 릉도 사진 명소 코끼리 바위 릉도 해상 비경 하나 코끼리 코 물 물 것 보임 주상절리 수직 가깝다 발달  천부 해중 망 수중 자연 쿠리움 신비롭다 릉도 바 속 눈 직접 체험  운영 시간 금 어른 청소년 어린 경로 나리분지 릉도 일 평지  릉도 독특 가옥 구조 너 투막집 투막집 수  통구미항 거북 바위 릉군 서면 남양 리 통구미항 새끼 거북 모양 거북 바위  거북 바위 맞은편 코뿔소 처럼 거 바위  향나무 자생 지로 천연기념물  호로 지정   층교 독특 모습 도로 해안 광  급경사 언덕 차 극복 위해 독특 모습 노 봉 릉군 북면 포리 우뚝 높 의 암벽 봉우리 암벽 가로 굵다 결  노 주름살 노 봉 ,1.0,
옥천ㅡ금강수변침수공원ㆍ수생식물 학습원  (꼭예약)  화인 살림욕장\n상춘정 (밤 은하수 인기 사진작가  인기 코스)   부소담악(배타고 호수돌면  최고),옥천 금강 변 침수 공원 수생 식물 학습원 꼭 예약 화 살림 욕 상춘 정 밤 은하수 기 사진작가 기 코스 부 소담 악 배타 호수 최고,1.0,
주말에 배편예약해서 가야되나요?\n차를싣고가도 되나요?,주말 배편 예약 가야 차,1.0,
"통영! 안가본지 꽤 됐는데 이렇게 보니 날잡고 가고 싶네요ㅠㅠ 통영에도 좋은 숙소가 많은 걸로 알고 있는데 당장 예약 뽐뿌 오는 영상이에요,, 전망대는 물론이고 고요한 분위기의 미래사도 아름답네요. 한국은 미세먼지로 고통받고 있다는데 편백나무 숲이라면 숨을 맘껏 내쉬고 들이마실 수 있을 것 같아요 :) 해물 뚝배기 실화인가요...? 밥 한그릇 뚝딱하겠어요ㅠㅠㅠ 알찬 영상 잘 봤어요, 통영에 가게 될 때 꼭 참고할게요 감사합니다",통영 안 꽤 날 잡고 통영 좋다 숙소 많다 걸 알  당장 예약 뽐뿌 영상 망 고한 분위기 미래 사도 름답다 한국 미세먼지 고통  편백나무 숲  라면 숨 맘껏 수  것 같다 해물 뚝배기 실화 밥 한 그릇 뚝딱 알차다 영상 통영 가게  꼭 참고,1.0,
이 영상을 6월에 봤어야 했는데... ㅠㅠ 지금은 코로나 때문에 예약불가 ㅠㅠ, 영상 지금 코로나 문 예약 불가,1.0,
"화성 공룡알 화석지는 들어는 봤지만 공룡에 관심없어서 갈 생각을 안 했는데 영상 보니 무조건 가야겠네요^^ 지난주에 우연히 화성시티투어(해설사 동반)를 알게되어 이번주 일요일에 국화도 가는거 예약해놔서 지금 마구 설레는 중인데요. 그 투어의 다른 코스에 공룡알 화석지도 있었어요. 다음엔 여기로 예약 찜! 이 영상 하나로 바로 구독,좋아요,알림설정 완료했어요\n️",화성 공룡 알 화석 공룡 관심 없다 생각 안 영상 무조건 지난주 화성 시티투어 해설 사 동반 를 알  주 일일 국화도 예약 지금 마구 설레다 중  그 투어 다른 코스 공룡 알 화석 지도  다음 여기 예약 찜  영상 하나로 바로 구독 좋다 알림 설정 완료,1.0,
